{
    "timestamp": "2025-03-18 17:42:29",
    "reference_position_deg": [
        0,
        -90,
        90,
        -90,
        -90,
        0
    ],
    "reference_position_rad": [
        0.0,
        -1.5707963267948966,
        1.5707963267948966,
        -1.5707963267948966,
        -1.5707963267948966,
        0.0
    ],
    "raw_position": [
        66.4,
        -9.79,
        66.0,
        19.5,
        -4.89,
        312.6
    ],
    "normalized_position_rad": [
        1.1588986233242349,
        -9.79,
        1.1519173063162575,
        0.34033920413889424,
        -4.89,
        5.455899241734275
    ],
    "offsets_rad": [
        1.1588986233242349,
        -8.219203673205103,
        -0.418879020478639,
        1.9111355309337907,
        -3.319203673205103,
        5.455899241734275
    ],
    "offsets_deg": [
        66.4,
        -470.9256814330759,
        -23.999999999999996,
        109.5,
        -190.17636181897254,
        312.6
    ]
}